BranchId,BranchName,City,Region
0,Branch-Hyderabad-00,Hyderabad,South
1,Branch-Bengaluru-01,Bengaluru,South
2,Branch-Chennai-02,Chennai,South
3,Branch-Mumbai-03,Mumbai,West
4,Branch-Pune-04,Pune,West
5,Branch-Delhi-05,Delhi,North
6,Branch-Kolkata-06,Kolkata,East
7,Branch-Ahmedabad-07,Ahmedabad,West
8,Branch-Jaipur-08,Jaipur,North
9,Branch-Lucknow-09,Lucknow,North
10,Branch-Hyderabad-10,Hyderabad,South
11,Branch-Bengaluru-11,Bengaluru,South
12,Branch-Chennai-12,Chennai,South
13,Branch-Mumbai-13,Mumbai,West
14,Branch-Pune-14,Pune,West
15,Branch-Delhi-15,Delhi,North
16,Branch-Kolkata-16,Kolkata,East
17,Branch-Ahmedabad-17,Ahmedabad,West
18,Branch-Jaipur-18,Jaipur,North
19,Branch-Lucknow-19,Lucknow,North
20,Branch-Hyderabad-20,Hyderabad,South
21,Branch-Bengaluru-21,Bengaluru,South
22,Branch-Chennai-22,Chennai,South
23,Branch-Mumbai-23,Mumbai,West
24,Branch-Pune-24,Pune,West
