customerId,customerName,email,region
C0001,Kabir Nair,kabir.1@example.com,North
C0002,Diya Reddy,diya.2@example.com,North
C0003,Vihaan Mehta,vihaan.3@example.com,South
C0004,Neha Sharma,neha.4@example.com,Central
C0005,Ananya Das,ananya.5@example.com,South
C0006,Zoya Mehta,zoya.6@example.com,North
C0007,Arjun Iyer,arjun.7@example.com,West
C0008,Zoya Iyer,zoya.8@example.com,East
C0009,Saanvi Das,saanvi.9@example.com,North
C0010,Neha Gupta,neha.10@example.com,Central
C0011,Rohan Iyer,rohan.11@example.com,East
C0012,Aarav Gupta,aarav.12@example.com,Central
C0013,Neha Rao,neha.13@example.com,West
C0014,Priya Verma,priya.14@example.com,West
C0015,Ishaan Rao,ishaan.15@example.com,South
C0016,Ishaan Iyer,ishaan.16@example.com,North
C0017,Vihaan Reddy,vihaan.17@example.com,South
C0018,Kabir Nair,kabir.18@example.com,North
C0019,Kabir Mehta,kabir.19@example.com,West
C0020,Zoya Iyer,zoya.20@example.com,Central
C0021,Sara Khan,sara.21@example.com,North
C0022,Diya Mehta,,East
C0023,Zoya Reddy,zoya.23@example.com,North
C0024,Yusuf Das,yusuf.24@example.com,East
C0025,Ishaan Reddy,ishaan.25@example.com,North
C0026,Sara Verma,sara.26@example.com,
C0027,Meera Khan,meera.27@example.com,Central
C0028,Zoya Iyer,zoya.28@example.com,North
C0029,Yusuf Sharma,yusuf.29@example.com,South
C0030,Rohan Sharma,rohan.30@example.com,West
C0031,Myra Verma,myra.31@example.com,East
C0032,Meera Iyer,meera.32@example.com,South
C0033,Vivaan Sharma,vivaan.33@example.com,West
C0034,Sara Sharma,,East
C0035,Karan Nair,karan.35@example.com,West
C0036,Vihaan Gupta,vihaan.36@example.com,North
C0037,Diya Iyer,diya.37@example.com,Central
C0038,Zoya Gupta,zoya.38@example.com,South
C0039,Priya Rao,priya.39@example.com,West
C0040,Farhan Nair,farhan.40@example.com,West
C0041,Aditi Das,aditi.41@example.com,Central
C0042,Vivaan Das,vivaan.42@example.com,East
C0043,Kabir Nair,kabir.43@example.com,Central
C0044,Aarav Rao,,East
C0045,Zoya Sharma,zoya.45@example.com,North
C0046,Saanvi Gupta,saanvi.46@example.com,Central
C0047,Neha Mehta,neha.47@example.com,Central
C0048,Vihaan Sharma,vihaan.48@example.com,South
C0049,Vihaan Gupta,vihaan.49@example.com,North
C0050,Vihaan Gupta,vihaan.50@example.com,North
C0051,Karan Reddy,karan.51@example.com,South
C0052,Rohan Reddy,rohan.52@example.com,South
C0053,Farhan Nair,farhan.53@example.com,Central
C0054,Vivaan Khan,vivaan.54@example.com,East
C0055,Kabir Nair,kabir.55@example.com,East
C0056,Arjun Nair,arjun.56@example.com,South
C0057,Saanvi Rao,saanvi.57@example.com,West
C0058,Rohan Iyer,rohan.58@example.com,Central
C0059,Farhan Sharma,farhan.59@example.com,West
C0060,Karan Reddy,,South
C0061,Aditi Verma,aditi.61@example.com,South
C0062,Aditi Nair,aditi.62@example.com,Central
C0063,Kabir Sharma,kabir.63@example.com,South
C0064,Myra Mehta,myra.64@example.com,South
C0065,Rohan Khan,rohan.65@example.com,Central
C0066,Karan Rao,karan.66@example.com,West
C0067,Myra Nair,myra.67@example.com,Central
C0068,Vivaan Mehta,vivaan.68@example.com,South
C0069,Karan Reddy,karan.69@example.com,North
C0070,Neha Reddy,neha.70@example.com,South
C0071,Farhan Mehta,farhan.71@example.com,Central
C0072,Kabir Rao,kabir.72@example.com,South
C0073,Zoya Gupta,zoya.73@example.com,
C0074,Vihaan Iyer,vihaan.74@example.com,West
C0075,Saanvi Verma,saanvi.75@example.com,East
C0076,Saanvi Verma,saanvi.76@example.com,Central
C0077,Farhan Khan,farhan.77@example.com,East
C0078,Myra Iyer,myra.78@example.com,North
C0079,Aarav Rao,aarav.79@example.com,Central
C0080,Vihaan Das,vihaan.80@example.com,North
C0081,Neha Gupta,neha.81@example.com,North
C0082,Arjun Iyer,arjun.82@example.com,East
C0083,Aarav Reddy,aarav.83@example.com,Central
C0084,Aarav Khan,aarav.84@example.com,West
C0085,Aarav Khan,aarav.85@example.com,West
C0086,Farhan Iyer,farhan.86@example.com,East
C0087,Karan Nair,karan.87@example.com,East
C0088,Myra Iyer,myra.88@example.com,
C0089,Arjun Das,arjun.89@example.com,West
C0090,Priya Gupta,priya.90@example.com,East
C0091,Myra Iyer,myra.91@example.com,South
C0092,Arjun Reddy,arjun.92@example.com,North
C0093,Karan Rao,karan.93@example.com,Central
C0094,Aarav Nair,aarav.94@example.com,South
C0095,Aarav Khan,aarav.95@example.com,North
C0096,Myra Reddy,myra.96@example.com,West
C0097,Myra Mehta,myra.97@example.com,West
C0098,Priya Iyer,priya.98@example.com,East
C0099,Myra Reddy,myra.99@example.com,East
C0100,Aditi Gupta,aditi.100@example.com,West
C0101,Ishaan Iyer,ishaan.101@example.com,South
C0102,Aditi Nair,aditi.102@example.com,North
C0103,Ananya Verma,ananya.103@example.com,North
C0104,Aarav Sharma,aarav.104@example.com,Central
C0105,Zoya Iyer,zoya.105@example.com,Central
C0106,Arjun Sharma,arjun.106@example.com,East
C0107,Farhan Khan,farhan.107@example.com,South
C0108,Priya Nair,priya.108@example.com,South
C0109,Vivaan Rao,,North
C0110,Ananya Rao,ananya.110@example.com,West
C0111,Zoya Rao,zoya.111@example.com,North
C0112,Yusuf Reddy,yusuf.112@example.com,West
C0113,Kabir Verma,kabir.113@example.com,East
C0114,Rohan Reddy,rohan.114@example.com,East
C0115,Arjun Reddy,arjun.115@example.com,East
C0116,Priya Reddy,priya.116@example.com,East
C0117,Diya Khan,diya.117@example.com,South
C0118,Myra Das,myra.118@example.com,North
C0119,Sara Khan,sara.119@example.com,Central
C0120,Priya Khan,priya.120@example.com,North
C0121,Kabir Rao,kabir.121@example.com,Central
C0122,Karan Mehta,karan.122@example.com,Central
C0123,Myra Khan,myra.123@example.com,East
C0124,Sara Gupta,sara.124@example.com,Central
C0125,Priya Sharma,priya.125@example.com,West
C0126,Rohan Sharma,rohan.126@example.com,South
C0127,Vivaan Das,vivaan.127@example.com,South
C0128,Vivaan Rao,vivaan.128@example.com,East
C0129,Aditi Das,aditi.129@example.com,Central
C0130,Kabir Mehta,kabir.130@example.com,South
C0131,Diya Rao,diya.131@example.com,
C0132,Ishaan Verma,ishaan.132@example.com,North
C0133,Ishaan Rao,ishaan.133@example.com,Central
C0134,Myra Verma,myra.134@example.com,Central
C0135,Arjun Khan,arjun.135@example.com,East
C0136,Priya Das,priya.136@example.com,South
C0137,Arjun Nair,arjun.137@example.com,East
C0138,Ananya Verma,ananya.138@example.com,South
C0139,Kabir Das,kabir.139@example.com,East
C0140,Zoya Rao,zoya.140@example.com,North
C0141,Farhan Khan,farhan.141@example.com,South
C0142,Aarav Verma,aarav.142@example.com,Central
C0143,Farhan Mehta,farhan.143@example.com,South
C0144,Rohan Gupta,rohan.144@example.com,East
C0145,Meera Gupta,meera.145@example.com,West
C0146,Aditi Reddy,aditi.146@example.com,South
C0147,Vivaan Das,vivaan.147@example.com,East
C0148,Meera Rao,meera.148@example.com,West
C0149,Vihaan Gupta,vihaan.149@example.com,Central
C0150,Ishaan Mehta,ishaan.150@example.com,Central
