bookingId,hotelId,roomId,guestId,checkIn,checkOut,status,amount
B0001,H08,R041,G049,2026-09-06,2026-09-12,COMPLETED,40942.77
B0002,H04,R016,G031,2026-08-06,2026-08-10,CONFIRMED,28265.58
B0003,H01,R001,G011,2026-06-20,2026-06-22,CONFIRMED,12984.03
B0004,H03,R012,G006,2026-08-12,2026-08-15,COMPLETED,20032.1
B0005,H02,R007,G011,2026-09-28,2026-10-02,CONFIRMED,27838.22
B0006,H03,R013,G017,2026-04-21,2026-04-22,CONFIRMED,8328.71
B0007,H07,R033,G013,2026-06-01,2026-06-06,COMPLETED,11990.38
B0008,H06,R030,G026,2026-07-21,2026-07-25,COMPLETED,25003.46
B0009,H08,R040,G018,2026-04-26,2026-04-28,CONFIRMED,8985.06
B0010,H05,R024,G002,2026-04-20,2026-04-25,COMPLETED,38132.16
B0011,H04,R016,G001,2026-08-18,2026-08-20,CONFIRMED,15076.25
B0012,H01,R001,G024,2026-05-13,2026-05-15,COMPLETED,12790.28
B0013,H01,R004,G020,2026-05-19,2026-05-23,CANCELLED,11927.47
B0014,H08,R038,G060,2026-07-29,2026-08-05,CONFIRMED,17961.26
B0015,H03,R013,G010,2026-04-16,2026-04-20,COMPLETED,33896.06
B0016,H05,R022,,2026-06-09,2026-06-11,CONFIRMED,15414.18
B0017,H01,R005,G043,2026-04-18,2026-04-20,COMPLETED,12275.52
B0018,H05,R023,G004,2026-05-12,2026-05-13,COMPLETED,6291.97
B0019,H02,R011,G003,2026-04-27,2026-04-29,CONFIRMED,4922.59
B0020,H07,R034,G028,2026-04-21,2026-04-24,CONFIRMED,13524.14
B0021,H07,R035,G041,2026-09-08,2026-09-14,CONFIRMED,47823.05
B0022,H06,R029,G052,2026-04-05,2026-04-08,COMPLETED,16441.13
B0023,H08,R040,G035,2026-09-02,2026-09-03,CONFIRMED,4826.6
B0024,H05,R024,G001,2026-06-30,2026-07-02,COMPLETED,
B0025,H02,R011,G012,2026-08-16,2026-08-21,CANCELLED,11534.54
B0026,H06,R029,G048,2026-07-02,2026-07-03,CONFIRMED,5879.42
B0027,H05,R024,G037,2026-05-04,2026-05-05,CANCELLED,9084.04
B0028,H03,R014,G048,2026-04-28,2026-04-30,COMPLETED,12347.33
B0029,H02,R008,G011,2026-06-01,2026-06-07,CANCELLED,18433.66
B0030,H03,R013,G042,2026-05-25,2026-05-28,CONFIRMED,24584.89
B0031,H04,R017,G003,2026-08-16,2026-08-23,CANCELLED,27586.03
B0032,H06,R029,G052,2026-06-17,2026-06-23,CONFIRMED,37502.06
B0033,H06,R026,G003,2026-04-01,2026-04-08,COMPLETED,46959.49
B0034,H06,R030,G013,2026-08-03,2026-08-05,COMPLETED,12242.22
B0035,H01,R002,G024,2026-05-04,2026-05-08,CONFIRMED,19645.25
B0036,H08,R039,G046,2026-09-25,2026-09-26,CONFIRMED,3337.09
B0037,H06,R030,G051,2026-05-02,2026-05-04,COMPLETED,12921.71
B0038,H05,R020,G016,2026-09-10,2026-09-12,CONFIRMED,13802.69
B0039,H08,R040,G019,2026-09-13,2026-09-15,COMPLETED,9309.18
B0040,H03,R014,G003,2026-09-23,2026-09-26,COMPLETED,
B0041,H04,R019,G004,2026-06-07,2026-06-13,CANCELLED,13421.12
B0042,H07,R033,G002,2026-05-30,2026-06-04,COMPLETED,12387.1
B0043,H05,R024,G028,2026-09-10,2026-09-11,COMPLETED,9078.41
B0044,H06,R029,G041,2026-09-13,2026-09-17,COMPLETED,24011.26
B0045,H01,R002,G055,2026-09-12,2026-09-16,CONFIRMED,20825.87
B0046,H05,R023,G032,2026-05-10,2026-05-12,CONFIRMED,13313.39
B0047,H03,R014,G004,2026-07-26,2026-07-28,CONFIRMED,11477.77
B0048,H03,R015,G036,2026-04-29,2026-05-01,COMPLETED,9882.82
B0049,H02,R008,G014,2026-09-27,2026-10-03,CONFIRMED,18176.22
B0050,H08,R039,G037,2026-04-25,2026-04-27,CONFIRMED,6286.61
B0051,H01,R001,G026,2026-06-17,2026-06-20,COMPLETED,17682.22
B0052,H07,R032,G003,2026-07-13,2026-07-20,COMPLETED,
B0053,H04,R017,G050,2026-07-30,2026-08-05,CONFIRMED,25194.95
B0054,H07,R032,G042,2026-06-07,2026-06-11,CONFIRMED,31007.0
B0055,H05,R021,G053,2026-05-06,2026-05-13,COMPLETED,40503.1
B0056,H06,R029,G059,2026-05-30,2026-05-31,CONFIRMED,6267.35
B0057,H02,R007,G041,2026-07-31,2026-08-02,COMPLETED,14443.51
B0058,H08,R041,G020,2026-09-03,2026-09-06,CANCELLED,18017.4
B0059,H03,R013,,2026-04-09,2026-04-11,CONFIRMED,15552.24
B0060,H03,R015,G055,2026-09-14,2026-09-18,CONFIRMED,20106.53
B0061,H04,R018,G045,2026-08-31,2026-09-07,CONFIRMED,31333.75
B0062,H08,R042,G010,2026-06-13,2026-06-19,COMPLETED,29943.82
B0063,H04,R016,G047,2026-06-17,2026-06-20,COMPLETED,20270.97
B0064,H06,R026,G002,2026-09-08,2026-09-13,CONFIRMED,33838.89
B0065,H03,R015,G051,2026-05-02,2026-05-09,CONFIRMED,36194.58
B0066,H07,R032,G042,2026-09-27,2026-10-03,COMPLETED,48042.54
B0067,H05,R025,G043,2026-06-15,2026-06-22,CONFIRMED,44446.29
B0068,H01,R006,G011,2026-07-26,2026-07-27,CANCELLED,5502.94
B0069,H07,R033,G038,2026-06-15,2026-06-21,CANCELLED,16090.82
B0070,H07,R036,G008,2026-06-11,2026-06-14,CONFIRMED,25691.17
B0071,H04,R017,G030,2026-09-08,2026-09-11,COMPLETED,11964.19
B0072,H08,R042,G060,2026-09-09,2026-09-12,CONFIRMED,14851.53
B0073,H02,R011,G001,2026-06-27,2026-06-28,CONFIRMED,2577.9
B0074,H01,R003,G052,2026-04-08,2026-04-10,CONFIRMED,8810.95
B0075,H05,R021,G040,2026-05-14,2026-05-19,CONFIRMED,28624.51
B0076,H04,R017,G021,2026-05-26,2026-06-01,CANCELLED,24495.49
B0077,H01,R003,G016,2026-06-16,2026-06-19,CONFIRMED,12548.63
B0078,H01,R006,G040,2026-07-28,2026-08-01,COMPLETED,24967.22
B0079,H08,R040,G029,2026-04-13,2026-04-17,CANCELLED,18159.27
B0080,H02,R011,G053,2026-08-19,2026-08-20,COMPLETED,2585.01
B0081,H05,R020,G034,2026-05-07,2026-05-13,COMPLETED,35764.75
B0082,H06,R029,G006,2026-08-25,2026-08-29,CONFIRMED,26154.86
B0083,H07,R032,G048,2026-06-07,2026-06-09,COMPLETED,16293.84
B0084,H01,R005,G060,2026-05-07,2026-05-09,CANCELLED,13682.3
B0085,H06,R026,G035,2026-04-30,2026-05-03,COMPLETED,18849.99
B0086,H04,R016,G030,2026-06-27,2026-07-01,CONFIRMED,27743.48
B0087,H04,R018,G050,2026-05-20,2026-05-26,COMPLETED,25000.69
B0088,H07,R035,G027,2026-05-29,2026-06-04,CONFIRMED,49652.9
B0089,H02,R011,G007,2026-05-18,2026-05-21,CANCELLED,7223.21
B0090,H04,R017,G006,2026-09-02,2026-09-08,COMPLETED,27009.52
B0091,H01,R005,G014,2026-08-16,2026-08-18,COMPLETED,12055.32
B0092,H08,R041,G016,2026-09-11,2026-09-15,COMPLETED,25157.81
B0093,H04,R017,G040,2026-09-25,2026-09-27,CANCELLED,7860.05
B0094,H06,R027,G013,2026-09-19,2026-09-25,CONFIRMED,20821.63
B0095,H07,R032,G019,2026-08-29,2026-09-04,CONFIRMED,46571.11
B0096,H05,R022,G034,2026-07-19,2026-07-24,CONFIRMED,38349.73
B0097,H03,R012,G007,2026-06-25,2026-07-01,CONFIRMED,34628.98
B0098,H07,R034,G047,2026-09-20,2026-09-25,CONFIRMED,21723.18
B0099,H08,R037,G039,2026-05-17,2026-05-19,CANCELLED,15895.52
B0100,H02,R011,G010,2026-05-18,2026-05-23,CANCELLED,12551.36
B0101,H05,R025,G022,2026-05-01,2026-05-07,COMPLETED,35821.53
B0102,H02,R008,G022,2026-04-11,2026-04-12,CANCELLED,3179.38
B0103,H07,R031,G018,2026-04-22,2026-04-29,COMPLETED,35572.54
B0104,H07,R034,G037,2026-06-04,2026-06-06,CONFIRMED,9565.9
B0105,H06,R030,G026,2026-07-15,2026-07-21,CANCELLED,38545.74
B0106,H01,R004,G027,2026-06-02,2026-06-08,CONFIRMED,17538.45
B0107,H04,R016,G031,2026-06-07,2026-06-10,COMPLETED,21912.08
B0108,H06,R028,G025,2026-06-27,2026-07-04,CONFIRMED,16742.5
B0109,H04,R019,G044,2026-07-24,2026-07-25,COMPLETED,2250.7
B0110,H07,R032,G042,2026-07-30,2026-08-02,CANCELLED,24591.74
B0111,H02,R009,G012,2026-08-18,2026-08-24,CONFIRMED,44696.01
B0112,H07,R033,G026,2026-08-04,2026-08-05,COMPLETED,2624.61
B0113,H06,R026,G046,2026-08-05,2026-08-07,CANCELLED,13249.53
B0114,H01,R002,G011,2026-09-14,2026-09-20,CONFIRMED,27148.75
B0115,H03,R013,G037,2026-04-29,2026-05-03,CONFIRMED,35368.4
B0116,H01,R003,G045,2026-06-02,2026-06-06,CANCELLED,17124.67
B0117,H08,R042,G018,2026-04-07,2026-04-08,COMPLETED,
B0118,H08,R038,G025,2026-06-20,2026-06-26,CANCELLED,15541.41
B0119,H04,R018,G053,2026-09-08,2026-09-14,CONFIRMED,24737.12
B0120,H01,R003,G009,2026-08-31,2026-09-02,COMPLETED,7922.69
B0121,H05,R025,G040,2026-08-12,2026-08-14,CONFIRMED,13805.36
B0122,H01,R006,G051,2026-08-13,2026-08-16,CANCELLED,17973.93
B0123,H07,R032,G041,2026-06-27,2026-06-29,COMPLETED,17478.57
B0124,H07,R031,,2026-09-13,2026-09-19,COMPLETED,27690.41
B0125,H01,R001,G031,2026-06-06,2026-06-07,CONFIRMED,5689.65
B0126,H08,R037,G015,2026-08-01,2026-08-07,COMPLETED,51906.2
B0127,H07,R031,G021,2026-04-14,2026-04-21,CONFIRMED,30643.3
B0128,H04,R018,G020,2026-07-02,2026-07-06,CONFIRMED,16311.41
B0129,H05,R022,G056,2026-08-19,2026-08-20,CONFIRMED,7642.45
B0130,H06,R027,G015,2026-09-13,2026-09-18,CONFIRMED,15541.8
B0131,H01,R004,G037,2026-04-10,2026-04-17,CANCELLED,18183.56
B0132,H07,R034,G010,2026-08-11,2026-08-15,CANCELLED,19743.01
B0133,H07,R034,G035,2026-04-11,2026-04-14,CANCELLED,13266.3
B0134,H05,R021,G017,2026-07-19,2026-07-20,CONFIRMED,6670.48
B0135,H03,R012,G005,2026-06-24,2026-06-27,CANCELLED,19272.64
B0136,H06,R028,G023,2026-09-25,2026-10-02,CANCELLED,16442.48
B0137,H08,R039,G053,2026-06-02,2026-06-08,COMPLETED,19072.65
B0138,H01,R005,G023,2026-05-09,2026-05-16,CANCELLED,48891.32
B0139,H07,R031,G025,2026-06-20,2026-06-21,CONFIRMED,4600.18
B0140,H07,R034,G004,2026-06-22,2026-06-25,CONFIRMED,14786.53
B0141,H01,R002,G012,2026-09-16,2026-09-23,CONFIRMED,33896.37
B0142,H02,R011,G044,2026-04-19,2026-04-20,CONFIRMED,2321.24
B0143,H08,R040,G044,2026-07-11,2026-07-13,COMPLETED,9302.86
B0144,H07,R032,G027,2026-09-04,2026-09-05,CONFIRMED,8444.64
B0145,H02,R009,G050,2026-09-14,2026-09-21,CONFIRMED,60478.0
B0146,H05,R023,G009,2026-05-21,2026-05-24,COMPLETED,20394.78
B0147,H07,R033,G007,2026-06-16,2026-06-18,CANCELLED,4872.26
B0148,H04,R017,G050,2026-08-22,2026-08-27,CANCELLED,20562.95
B0149,H03,R015,G004,2026-05-04,2026-05-07,CANCELLED,14807.14
B0150,H08,R042,G046,2026-08-16,2026-08-19,CANCELLED,15073.24
B0151,H01,R003,G020,2026-05-28,2026-06-01,CONFIRMED,18245.2
B0152,H05,R024,G001,2026-05-10,2026-05-13,COMPLETED,
B0153,H02,R010,G052,2026-06-19,2026-06-22,CONFIRMED,14516.33
B0154,H03,R013,G010,2026-05-18,2026-05-20,CANCELLED,17923.9
B0155,H02,R008,G017,2026-07-24,2026-07-29,COMPLETED,
B0156,H01,R005,G028,2026-04-21,2026-04-24,CONFIRMED,20490.47
B0157,H03,R014,G024,2026-05-29,2026-06-03,COMPLETED,30613.49
B0158,H01,R005,G055,2026-06-18,2026-06-20,CANCELLED,14260.03
B0159,H01,R002,G042,2026-06-10,2026-06-17,COMPLETED,33106.43
B0160,H06,R029,G042,2026-05-11,2026-05-18,COMPLETED,44265.55
B0161,H06,R029,G029,2026-07-03,2026-07-09,CANCELLED,33351.65
B0162,H05,R020,G040,2026-05-01,2026-05-04,CONFIRMED,18603.3
B0163,H03,R015,G001,2026-09-12,2026-09-17,CONFIRMED,26080.81
B0164,H07,R036,G053,2026-06-24,2026-06-29,COMPLETED,42115.12
B0165,H03,R014,G020,2026-09-03,2026-09-10,CANCELLED,38960.17
B0166,H06,R030,G059,2026-05-04,2026-05-08,CONFIRMED,26514.79
B0167,H06,R030,G052,2026-05-21,2026-05-25,CONFIRMED,23200.01
B0168,H04,R016,G009,2026-05-09,2026-05-12,CONFIRMED,21937.83
B0169,H07,R033,G032,2026-04-08,2026-04-15,COMPLETED,16268.82
B0170,H01,R006,G029,2026-04-28,2026-05-01,CONFIRMED,17577.36
B0171,H08,R038,G043,2026-08-04,2026-08-06,CONFIRMED,4857.45
B0172,H01,R001,G034,2026-05-04,2026-05-05,COMPLETED,6397.61
B0173,H04,R019,G022,2026-09-01,2026-09-06,COMPLETED,13322.07
B0174,H07,R035,G018,2026-06-21,2026-06-27,CANCELLED,
B0175,H06,R027,G030,2026-07-05,2026-07-06,COMPLETED,3223.17
B0176,H01,R003,G059,2026-08-10,2026-08-14,CANCELLED,18056.2
B0177,H04,R016,G002,2026-04-03,2026-04-05,CONFIRMED,12600.76
B0178,H08,R038,G020,2026-07-12,2026-07-19,CANCELLED,17117.56
B0179,H02,R011,G010,2026-09-06,2026-09-07,COMPLETED,2303.63
B0180,H08,R040,G016,2026-08-06,2026-08-09,CONFIRMED,14004.31
B0181,H06,R027,G015,2026-07-06,2026-07-10,CONFIRMED,13905.84
B0182,H06,R028,G052,2026-05-04,2026-05-06,COMPLETED,4553.49
B0183,H01,R001,G035,2026-05-09,2026-05-10,CONFIRMED,6602.84
B0184,H01,R006,G039,2026-08-06,2026-08-07,CANCELLED,5448.5
B0185,H02,R008,G015,2026-09-02,2026-09-08,CONFIRMED,19468.54
B0186,H05,R020,G043,2026-08-13,2026-08-17,CONFIRMED,25030.06
B0187,H06,R028,G019,2026-08-04,2026-08-10,COMPLETED,14807.33
B0188,H08,R042,G055,2026-09-03,2026-09-08,COMPLETED,23499.12
B0189,H05,R022,G018,2026-09-02,2026-09-06,CONFIRMED,32936.25
B0190,H01,R003,G058,2026-05-08,2026-05-10,COMPLETED,8416.92
B0191,H02,R011,G026,2026-06-16,2026-06-21,COMPLETED,11331.46
B0192,H04,R016,G041,2026-06-14,2026-06-18,CANCELLED,26996.72
B0193,H03,R012,G006,2026-05-18,2026-05-25,CANCELLED,39180.23
B0194,H08,R041,G031,2026-06-28,2026-07-03,CANCELLED,33912.9
B0195,H06,R030,G004,2026-05-02,2026-05-05,COMPLETED,17502.14
B0196,H03,R015,G023,2026-06-27,2026-07-04,CONFIRMED,32016.5
B0197,H01,R004,G002,2026-05-20,2026-05-24,COMPLETED,12166.9
B0198,H04,R018,G045,2026-09-27,2026-10-04,CONFIRMED,27787.64
B0199,H02,R011,G036,2026-04-17,2026-04-20,CANCELLED,6883.51
B0200,H07,R031,G042,2026-04-16,2026-04-23,COMPLETED,32662.87
B0201,H02,R007,G019,2026-04-19,2026-04-25,CONFIRMED,40366.97
B0202,H02,R011,G013,2026-07-09,2026-07-14,COMPLETED,12367.0
B0203,H05,R025,G053,2026-06-08,2026-06-09,CONFIRMED,5800.34
B0204,H06,R028,G019,2026-07-28,2026-08-02,CONFIRMED,12224.4
B0205,H06,R029,G012,2026-08-13,2026-08-17,CONFIRMED,25105.53
B0206,H06,R030,G021,2026-09-10,2026-09-11,CONFIRMED,6261.43
B0207,H06,R027,G044,2026-04-29,2026-04-30,CONFIRMED,3037.21
B0208,H02,R009,G048,2026-04-16,2026-04-22,COMPLETED,50655.98
B0209,H05,R025,G006,2026-04-21,2026-04-23,CONFIRMED,13514.23
B0210,H03,R012,G046,2026-06-22,2026-06-23,COMPLETED,5692.71
B0211,H05,R024,G004,2026-09-03,2026-09-05,CONFIRMED,17984.61
B0212,H08,R039,G022,2026-09-21,2026-09-27,CONFIRMED,20721.64
B0213,H04,R017,G002,2026-05-21,2026-05-24,COMPLETED,11405.23
B0214,H02,R008,G011,2026-05-17,2026-05-20,CANCELLED,9864.27
B0215,H05,R024,G044,2026-06-02,2026-06-09,CANCELLED,57933.43
B0216,H06,R026,G040,2026-05-05,2026-05-08,COMPLETED,20437.74
B0217,H08,R038,G028,2026-08-31,2026-09-04,CONFIRMED,9259.59
B0218,H03,R013,G005,2026-06-20,2026-06-22,CONFIRMED,17519.21
B0219,H03,R015,G043,2026-05-22,2026-05-24,CANCELLED,10066.27
B0220,H08,R041,G041,2026-04-19,2026-04-20,CONFIRMED,6834.0
B0221,H03,R014,G027,2026-07-09,2026-07-11,CONFIRMED,12051.16
B0222,H07,R036,G041,2026-04-27,2026-05-03,CONFIRMED,50992.57
B0223,H08,R040,G013,2026-06-14,2026-06-20,COMPLETED,31025.17
B0224,H02,R008,G037,2026-08-12,2026-08-15,CONFIRMED,8923.88
B0225,H08,R041,G058,2026-04-08,2026-04-13,COMPLETED,30140.51
B0226,H02,R011,G031,2026-07-27,2026-08-03,COMPLETED,16348.85
B0227,H05,R022,G013,2026-07-20,2026-07-26,COMPLETED,51526.49
B0228,H07,R035,G043,2026-04-04,2026-04-06,COMPLETED,18395.32
B0229,H04,R019,G017,2026-04-01,2026-04-05,CANCELLED,8947.33
B0230,H06,R030,G050,2026-08-23,2026-08-28,CONFIRMED,29921.61
B0231,H05,R021,G044,2026-08-11,2026-08-16,CONFIRMED,28835.46
B0232,H07,R034,G029,2026-09-28,2026-10-05,COMPLETED,35897.21
B0233,H05,R022,G003,2026-04-29,2026-05-01,CONFIRMED,15384.25
B0234,H07,R032,G058,2026-06-13,2026-06-16,CONFIRMED,26818.16
B0235,H08,R038,G010,2026-09-25,2026-09-28,CONFIRMED,7525.68
B0236,H07,R031,G034,2026-09-28,2026-10-05,CONFIRMED,30768.8
B0237,H05,R020,G040,2026-04-26,2026-05-03,CANCELLED,44551.21
B0238,H05,R022,G020,2026-07-14,2026-07-18,COMPLETED,31372.18
B0239,H04,R019,G049,2026-08-01,2026-08-02,CONFIRMED,2467.1
B0240,H03,R012,G002,2026-04-17,2026-04-21,COMPLETED,25944.29
B0241,H01,R005,G049,2026-07-26,2026-07-31,CONFIRMED,33404.5
B0242,H03,R014,G007,2026-04-18,2026-04-23,CONFIRMED,28862.15
B0243,H02,R009,G016,2026-05-15,2026-05-21,COMPLETED,43960.65
B0244,H06,R028,G037,2026-07-18,2026-07-25,CONFIRMED,18748.77
B0245,H07,R033,G038,2026-06-03,2026-06-09,CONFIRMED,15773.54
B0246,H04,R019,G026,2026-09-17,2026-09-20,CONFIRMED,7596.5
B0247,H06,R030,G039,2026-07-15,2026-07-17,CONFIRMED,12437.6
B0248,H05,R022,G010,2026-05-05,2026-05-09,CONFIRMED,31454.4
B0249,H08,R041,G045,2026-04-29,2026-05-03,COMPLETED,26843.63
B0250,H08,R041,G058,2026-04-26,2026-05-02,CONFIRMED,36683.44
B0251,H05,R020,G006,2026-07-04,2026-07-07,COMPLETED,20745.75
B0252,H01,R003,G007,2026-06-09,2026-06-12,CONFIRMED,11969.81
B0253,H07,R035,G053,2026-04-13,2026-04-20,COMPLETED,67077.55
B0254,H08,R039,G016,2026-05-29,2026-06-02,COMPLETED,13472.26
B0255,H07,R031,G021,2026-05-28,2026-06-03,CONFIRMED,27049.13
B0256,H07,R034,G024,2026-07-02,2026-07-09,CONFIRMED,34619.77
B0257,H04,R019,G056,2026-09-23,2026-09-27,CANCELLED,8929.9
B0258,H01,R005,G022,2026-06-08,2026-06-15,CANCELLED,48023.99
B0259,H05,R025,G027,2026-08-23,2026-08-26,CONFIRMED,19729.21
B0260,H07,R036,G028,2026-07-05,2026-07-07,CONFIRMED,17830.69
B0261,H03,R014,G008,2026-07-15,2026-07-19,COMPLETED,22452.86
B0262,H04,R016,G053,2026-06-09,2026-06-11,CONFIRMED,13400.56
B0263,H08,R039,G004,2026-06-07,2026-06-13,COMPLETED,18983.82
B0264,H06,R026,G008,2026-08-28,2026-08-29,COMPLETED,5847.11
B0265,H06,R028,G013,2026-04-11,2026-04-15,COMPLETED,9015.25
B0266,H08,R038,G025,2026-04-19,2026-04-25,CONFIRMED,15454.48
B0267,H08,R041,G027,2026-04-28,2026-05-04,CANCELLED,41925.54
B0268,H06,R030,G002,2026-04-29,2026-05-05,CANCELLED,38750.54
B0269,H03,R015,G017,2026-04-10,2026-04-17,CONFIRMED,30952.38
B0270,H08,R038,G035,2026-04-06,2026-04-07,COMPLETED,2547.28
B0271,H04,R016,G054,2026-07-04,2026-07-11,CONFIRMED,44554.77
B0272,H04,R018,G028,2026-09-02,2026-09-04,COMPLETED,8462.5
B0273,H01,R001,G011,2026-08-29,2026-09-03,COMPLETED,28267.99
B0274,H07,R032,G048,2026-08-01,2026-08-08,COMPLETED,63934.01
B0275,H03,R012,G010,2026-07-08,2026-07-09,COMPLETED,
B0276,H07,R033,G036,2026-05-24,2026-05-27,COMPLETED,7527.75
B0277,H07,R032,G005,2026-09-23,2026-09-25,COMPLETED,18539.42
B0278,H05,R021,G047,2026-07-16,2026-07-21,CANCELLED,31211.41
B0279,H06,R030,G055,2026-07-03,2026-07-04,COMPLETED,6201.17
B0280,H02,R008,G056,2026-08-05,2026-08-07,CANCELLED,5840.43
B0281,H08,R042,G053,2026-07-26,2026-07-28,CANCELLED,10130.44
B0282,H01,R006,G057,2026-06-08,2026-06-12,COMPLETED,26260.87
B0283,H04,R016,G010,2026-04-12,2026-04-19,COMPLETED,48330.69
B0284,H03,R012,G012,2026-07-09,2026-07-12,COMPLETED,17425.46
B0285,H06,R026,G047,2026-07-22,2026-07-29,COMPLETED,44254.11
B0286,H05,R023,G001,2026-05-26,2026-05-28,COMPLETED,13725.58
B0287,H01,R006,G044,2026-04-12,2026-04-16,COMPLETED,26309.44
B0288,H06,R026,G036,2026-09-13,2026-09-18,CANCELLED,28450.88
B0289,H05,R025,G017,2026-04-05,2026-04-08,CONFIRMED,20731.97
B0290,H02,R010,G030,2026-04-09,2026-04-12,CANCELLED,14275.77
B0291,H01,R006,G018,2026-09-16,2026-09-22,CANCELLED,36989.54
B0292,H08,R037,G021,2026-06-22,2026-06-23,COMPLETED,7918.8
B0293,H06,R030,G021,2026-08-14,2026-08-17,CANCELLED,19606.67
B0294,H07,R031,G002,2026-05-13,2026-05-15,COMPLETED,9462.6
B0295,H06,R028,G022,2026-08-29,2026-09-05,COMPLETED,17137.95
B0296,H04,R019,G044,2026-08-06,2026-08-07,COMPLETED,2581.99
B0297,H08,R042,G056,2026-08-29,2026-09-03,CONFIRMED,25066.37
B0298,H07,R031,G035,2026-09-04,2026-09-09,COMPLETED,21561.68
B0299,H07,R032,G048,2026-05-17,2026-05-23,CONFIRMED,46391.02
B0300,H05,R021,G035,2026-06-30,2026-07-02,CONFIRMED,13319.18
B0301,H01,R002,G034,2026-07-05,2026-07-11,CANCELLED,30883.24
B0302,H02,R010,G009,2026-05-19,2026-05-24,CONFIRMED,22653.16
B0303,H04,R018,G007,2026-05-22,2026-05-23,CONFIRMED,4023.07
B0304,H03,R013,G050,2026-05-08,2026-05-10,COMPLETED,15261.56
B0305,H07,R031,G006,2026-05-04,2026-05-08,CONFIRMED,20515.68
B0306,H04,R019,G058,2026-07-05,2026-07-12,CANCELLED,17720.45
B0307,H08,R041,G060,2026-04-12,2026-04-15,CONFIRMED,18246.82
B0308,H08,R041,G059,2026-04-25,2026-04-27,CONFIRMED,13392.15
B0309,H01,R004,G025,2026-05-27,2026-06-03,COMPLETED,18049.38
B0310,H04,R019,G010,2026-04-28,2026-05-02,CONFIRMED,9805.22
B0311,H02,R008,G024,2026-04-24,2026-04-28,CONFIRMED,12977.33
B0312,H01,R002,G041,2026-07-18,2026-07-22,COMPLETED,18548.74
B0313,H08,R042,G047,2026-08-16,2026-08-19,CONFIRMED,
B0314,H05,R023,G059,2026-04-30,2026-05-05,COMPLETED,30602.85
B0315,H03,R013,G041,2026-06-05,2026-06-12,CONFIRMED,53545.99
B0316,H02,R009,G020,2026-05-25,2026-05-31,CANCELLED,47167.94
B0317,H07,R033,G045,2026-06-14,2026-06-18,CONFIRMED,10656.02
B0318,H02,R009,G004,2026-04-18,2026-04-22,COMPLETED,33255.24
B0319,H02,R009,G039,2026-09-02,2026-09-03,CANCELLED,8198.3
B0320,H07,R034,G035,2026-09-14,2026-09-19,COMPLETED,24097.75
B0321,H01,R001,G044,2026-05-25,2026-05-29,CONFIRMED,22154.49
B0322,H05,R024,G039,2026-09-01,2026-09-02,CONFIRMED,7688.03
B0323,H06,R030,G031,2026-04-10,2026-04-14,CONFIRMED,22741.49
B0324,H04,R016,G015,2026-04-23,2026-04-24,COMPLETED,7111.45
B0325,H05,R023,G011,2026-08-06,2026-08-12,COMPLETED,38749.67
B0326,H01,R002,G054,2026-06-20,2026-06-25,CONFIRMED,24064.17
B0327,H06,R030,G045,2026-05-13,2026-05-18,CONFIRMED,33024.1
B0328,H05,R022,G044,2026-07-27,2026-07-29,CONFIRMED,16924.6
B0329,H02,R011,G002,2026-06-01,2026-06-03,COMPLETED,5285.01
B0330,H02,R009,G027,2026-09-20,2026-09-22,COMPLETED,17295.32
B0331,H01,R006,,2026-08-02,2026-08-06,CONFIRMED,
B0332,H07,R034,G039,2026-09-13,2026-09-16,CANCELLED,13127.83
B0333,H01,R006,G005,2026-09-05,2026-09-09,COMPLETED,23793.73
B0334,H07,R031,G052,2026-07-27,2026-07-31,CONFIRMED,18882.39
B0335,H08,R039,G044,2026-07-25,2026-08-01,CONFIRMED,23784.8
B0336,H07,R031,G017,2026-04-19,2026-04-25,CONFIRMED,27012.85
B0337,H01,R003,G034,2026-08-24,2026-08-27,COMPLETED,12221.24
B0338,H07,R035,G019,2026-09-28,2026-10-02,CONFIRMED,33148.61
B0339,H05,R025,G013,2026-08-30,2026-09-01,COMPLETED,11658.36
B0340,H08,R042,G002,2026-05-29,2026-06-02,COMPLETED,19674.28
B0341,H03,R013,G046,2026-04-28,2026-05-05,CONFIRMED,53496.92
B0342,H06,R026,G012,2026-04-12,2026-04-15,CONFIRMED,19567.47
B0343,H04,R017,G008,2026-05-10,2026-05-16,COMPLETED,22721.63
B0344,H05,R021,G014,2026-05-02,2026-05-08,CANCELLED,37020.63
B0345,H01,R006,G002,2026-08-20,2026-08-26,CANCELLED,38771.64
B0346,H03,R012,G025,2026-06-10,2026-06-16,CANCELLED,40236.75
B0347,H05,R022,G015,2026-07-21,2026-07-23,CONFIRMED,17203.77
B0348,H04,R017,G002,2026-08-07,2026-08-08,CONFIRMED,4466.29
B0349,H04,R016,G041,2026-07-03,2026-07-05,CONFIRMED,13685.45
B0350,H05,R025,G024,2026-05-22,2026-05-23,CANCELLED,6763.73
B0351,H06,R026,G056,2026-08-30,2026-09-05,CONFIRMED,38481.26
B0352,H05,R022,G002,2026-04-15,2026-04-18,COMPLETED,23508.01
B0353,H05,R021,G026,2026-07-07,2026-07-10,CONFIRMED,19568.06
B0354,H01,R003,G004,2026-08-17,2026-08-22,COMPLETED,
B0355,H05,R022,G023,2026-08-08,2026-08-15,CONFIRMED,55993.92
B0356,H04,R016,G053,2026-04-06,2026-04-08,CONFIRMED,13560.21
B0357,H05,R022,G005,2026-05-08,2026-05-13,CONFIRMED,40055.53
B0358,H01,R004,G035,2026-04-03,2026-04-07,CANCELLED,11665.32
B0359,H03,R014,G054,2026-07-10,2026-07-12,CONFIRMED,13136.0
B0360,H05,R025,G058,2026-05-19,2026-05-23,CONFIRMED,24559.31
B0361,H07,R036,G013,2026-09-01,2026-09-07,COMPLETED,45933.17
B0362,H08,R039,G047,2026-08-16,2026-08-23,CANCELLED,23932.96
B0363,H02,R011,G011,2026-08-27,2026-08-31,CONFIRMED,10640.62
B0364,H06,R028,G022,2026-08-01,2026-08-04,CONFIRMED,6886.48
B0365,H08,R038,G055,2026-06-15,2026-06-17,CONFIRMED,5361.45
B0366,H01,R002,G001,2026-06-14,2026-06-17,COMPLETED,13931.3
B0367,H06,R026,G027,2026-06-10,2026-06-12,COMPLETED,12997.74
B0368,H05,R022,G022,2026-05-29,2026-06-04,COMPLETED,51803.48
B0369,H06,R030,G007,2026-07-08,2026-07-15,COMPLETED,43546.11
B0370,H04,R018,G060,2026-09-09,2026-09-16,COMPLETED,30291.19
B0371,H08,R038,G040,2026-04-19,2026-04-23,CANCELLED,
B0372,H03,R013,G044,2026-07-31,2026-08-01,COMPLETED,8481.22
B0373,H01,R006,G012,2026-05-06,2026-05-07,COMPLETED,6311.93
B0374,H08,R037,G013,2026-07-30,2026-08-01,CONFIRMED,15626.52
B0375,H01,R001,G031,2026-06-22,2026-06-29,CONFIRMED,40706.92
B0376,H06,R028,G019,2026-07-23,2026-07-26,CONFIRMED,7845.33
B0377,H08,R041,G041,2026-09-01,2026-09-05,CONFIRMED,25884.68
B0378,H06,R029,G059,2026-05-03,2026-05-05,COMPLETED,11113.79
B0379,H04,R016,G013,2026-05-10,2026-05-11,COMPLETED,6359.73
B0380,H08,R039,G015,2026-04-09,2026-04-14,CANCELLED,15726.09
B0381,H04,R016,G036,2026-05-23,2026-05-24,CONFIRMED,6910.41
B0382,H01,R001,G027,2026-04-08,2026-04-15,CONFIRMED,43433.33
B0383,H01,R004,G047,2026-05-17,2026-05-18,COMPLETED,2918.4
B0384,H06,R030,G022,2026-07-08,2026-07-15,CANCELLED,43036.85
B0385,H01,R002,G043,2026-04-25,2026-04-26,CONFIRMED,5341.37
B0386,H07,R036,G051,2026-04-10,2026-04-15,COMPLETED,39524.92
B0387,H06,R027,G001,2026-08-09,2026-08-10,CONFIRMED,3345.43
B0388,H01,R001,G050,2026-05-10,2026-05-14,CONFIRMED,24292.34
B0389,H03,R014,G038,2026-08-09,2026-08-15,CONFIRMED,35570.49
B0390,H01,R006,G046,2026-05-10,2026-05-11,CONFIRMED,6087.59
B0391,H02,R008,,2026-06-20,2026-06-23,CONFIRMED,8504.72
B0392,H08,R038,G004,2026-04-27,2026-04-29,CONFIRMED,5143.64
B0393,H05,R024,G040,2026-07-29,2026-08-02,CONFIRMED,33113.64
B0394,H07,R036,G018,2026-07-22,2026-07-26,CONFIRMED,29877.21
B0395,H02,R010,G014,2026-05-21,2026-05-24,CANCELLED,
B0396,H02,R009,G015,2026-09-13,2026-09-17,CONFIRMED,29909.55
B0397,H08,R039,G049,2026-07-04,2026-07-09,COMPLETED,15540.76
B0398,H06,R028,G025,2026-09-20,2026-09-27,COMPLETED,17645.33
B0399,H02,R008,G038,2026-07-05,2026-07-07,CONFIRMED,
B0400,H06,R028,G004,2026-06-12,2026-06-17,COMPLETED,11950.93
B0401,H08,R039,G049,2026-06-05,2026-06-09,COMPLETED,12868.36
B0402,H05,R023,G055,2026-05-06,2026-05-07,CANCELLED,6080.97
B0403,H08,R042,G042,2026-08-26,2026-08-31,COMPLETED,23626.97
B0404,H03,R012,G042,2026-05-14,2026-05-17,CONFIRMED,17711.83
B0405,H02,R007,G059,2026-09-07,2026-09-14,CANCELLED,49783.66
B0406,H05,R020,G014,2026-07-31,2026-08-03,CONFIRMED,17933.9
B0407,H01,R006,G030,2026-09-27,2026-09-29,CONFIRMED,12244.98
B0408,H07,R036,G042,2026-05-20,2026-05-27,COMPLETED,52449.68
B0409,H04,R019,G049,2026-08-24,2026-08-30,CONFIRMED,15219.01
B0410,H03,R013,G045,2026-09-18,2026-09-19,CONFIRMED,8929.03
B0411,H07,R031,G038,2026-05-16,2026-05-23,COMPLETED,33914.29
B0412,H03,R014,G013,2026-05-01,2026-05-04,CANCELLED,19309.92
B0413,H04,R019,G003,2026-05-01,2026-05-05,CONFIRMED,9034.51
B0414,H07,R035,G021,2026-06-25,2026-07-02,CONFIRMED,56200.74
B0415,H07,R035,G056,2026-04-21,2026-04-28,COMPLETED,59819.0
B0416,H07,R034,G048,2026-06-13,2026-06-17,CONFIRMED,20602.26
B0417,H08,R040,G022,2026-04-11,2026-04-15,CANCELLED,21293.56
B0418,H07,R031,G060,2026-08-15,2026-08-19,CONFIRMED,17544.66
B0419,H08,R041,G015,2026-08-08,2026-08-11,CONFIRMED,19955.78
B0420,H08,R038,G004,2026-08-26,2026-08-28,CONFIRMED,5247.18
B0421,H05,R020,G046,2026-05-02,2026-05-07,CONFIRMED,33290.23
B0422,H01,R005,G008,2026-09-05,2026-09-08,CONFIRMED,19543.2
B0423,H05,R024,G057,2026-09-12,2026-09-14,COMPLETED,17380.9
B0424,H07,R035,G022,2026-05-19,2026-05-20,CONFIRMED,8164.91
B0425,H06,R029,G007,2026-04-03,2026-04-05,CONFIRMED,12527.66
B0426,H07,R036,G026,2026-08-20,2026-08-27,CONFIRMED,56003.27
B0427,H04,R016,G023,2026-08-20,2026-08-24,CONFIRMED,27915.52
B0428,H04,R017,G057,2026-06-07,2026-06-10,CANCELLED,13675.89
B0429,H08,R042,G038,2026-04-02,2026-04-08,CONFIRMED,29512.29
B0430,H08,R041,G015,2026-07-25,2026-08-01,COMPLETED,43608.13
B0431,H07,R034,G023,2026-04-22,2026-04-23,CANCELLED,4462.3
B0432,H01,R006,G028,2026-06-28,2026-07-03,CANCELLED,27363.04
B0433,H08,R040,G023,2026-08-12,2026-08-16,COMPLETED,19537.27
B0434,H02,R008,G041,2026-08-16,2026-08-22,CONFIRMED,
B0435,H02,R007,G003,2026-09-21,2026-09-22,COMPLETED,6584.66
B0436,H01,R004,G051,2026-07-24,2026-07-26,CONFIRMED,5042.49
B0437,H02,R008,G052,2026-04-29,2026-05-02,CANCELLED,9195.46
B0438,H08,R040,G058,2026-06-10,2026-06-11,CONFIRMED,4944.27
B0439,H04,R016,G012,2026-05-13,2026-05-16,CANCELLED,20195.7
B0440,H01,R006,G004,2026-06-21,2026-06-25,COMPLETED,22858.48
B0441,H04,R016,G030,2026-05-07,2026-05-09,CANCELLED,13099.89
B0442,H08,R039,G048,2026-09-20,2026-09-22,COMPLETED,5850.21
B0443,H07,R036,G060,2026-06-08,2026-06-09,CONFIRMED,8454.29
B0444,H03,R013,G012,2026-09-19,2026-09-21,CONFIRMED,17753.27
B0445,H04,R019,G007,2026-08-07,2026-08-11,CONFIRMED,8985.9
B0446,H05,R022,G026,2026-05-06,2026-05-10,CONFIRMED,35077.92
B0447,H03,R015,G016,2026-04-13,2026-04-15,COMPLETED,9293.03
B0448,H07,R036,G015,2026-06-01,2026-06-08,CONFIRMED,60907.07
B0449,H07,R031,G027,2026-06-27,2026-07-03,COMPLETED,27195.35
B0450,H05,R021,G052,2026-06-17,2026-06-22,COMPLETED,29984.58
B0451,H04,R018,G036,2026-04-11,2026-04-18,COMPLETED,28866.37
B0452,H05,R022,G049,2026-04-19,2026-04-26,CONFIRMED,55293.51
B0453,H06,R026,G039,2026-08-16,2026-08-18,CANCELLED,13487.4
B0454,H05,R021,G021,2026-04-24,2026-04-28,CONFIRMED,23360.57
B0455,H06,R030,G005,2026-08-26,2026-09-02,COMPLETED,46357.69
B0456,H03,R013,G060,2026-06-13,2026-06-15,COMPLETED,17496.87
B0457,H08,R037,G042,2026-04-28,2026-05-01,CONFIRMED,26086.69
B0458,H01,R003,G029,2026-05-10,2026-05-17,CANCELLED,32100.03
B0459,H05,R025,G028,2026-05-18,2026-05-22,COMPLETED,25370.33
B0460,H07,R032,G042,2026-04-06,2026-04-09,CONFIRMED,26238.09
B0461,H02,R011,G023,2026-04-16,2026-04-17,COMPLETED,2374.23
B0462,H08,R037,G058,2026-06-30,2026-07-06,CONFIRMED,53178.85
B0463,H04,R018,G013,2026-05-20,2026-05-26,CANCELLED,25326.61
B0464,H08,R041,G045,2026-07-15,2026-07-18,CANCELLED,18745.23
B0465,H04,R018,G032,2026-09-20,2026-09-27,COMPLETED,29209.07
B0466,H06,R028,G020,2026-09-11,2026-09-18,COMPLETED,16200.34
B0467,H04,R016,G030,2026-09-11,2026-09-18,CONFIRMED,47960.01
B0468,H02,R009,G048,2026-04-15,2026-04-18,COMPLETED,24824.72
B0469,H04,R018,G042,2026-07-20,2026-07-27,CONFIRMED,30763.44
B0470,H01,R006,G022,2026-07-11,2026-07-12,COMPLETED,
B0471,H01,R006,G016,2026-05-06,2026-05-13,CONFIRMED,38509.6
B0472,H01,R005,G050,2026-05-05,2026-05-07,CANCELLED,13032.33
B0473,H07,R031,G038,2026-08-17,2026-08-19,COMPLETED,8634.01
B0474,H07,R032,G008,2026-05-16,2026-05-18,CONFIRMED,18438.41
B0475,H05,R021,G051,2026-05-10,2026-05-13,CONFIRMED,19336.59
B0476,H07,R036,G024,2026-09-13,2026-09-14,COMPLETED,7837.16
B0477,H02,R011,G002,2026-04-03,2026-04-07,CANCELLED,9854.82
B0478,H08,R041,G023,2026-06-08,2026-06-15,COMPLETED,47155.97
B0479,H07,R036,G033,2026-05-17,2026-05-21,CONFIRMED,
B0480,H03,R013,G033,2026-04-23,2026-04-24,COMPLETED,8246.09
B0481,H05,R025,G012,2026-04-26,2026-04-29,CANCELLED,18321.19
B0482,H06,R030,G007,2026-09-13,2026-09-18,COMPLETED,30473.02
B0483,H06,R026,G050,2026-07-14,2026-07-17,COMPLETED,17101.89
B0484,H07,R035,G024,2026-05-10,2026-05-17,COMPLETED,65188.37
B0485,H07,R035,G060,2026-06-10,2026-06-14,COMPLETED,35216.76
B0486,H06,R029,G047,2026-06-17,2026-06-20,CONFIRMED,18118.55
B0487,H02,R009,G047,2026-08-22,2026-08-27,CONFIRMED,39861.04
B0488,H04,R016,G017,2026-09-23,2026-09-24,CONFIRMED,7552.45
B0489,H08,R041,G006,2026-08-15,2026-08-21,CONFIRMED,37022.83
B0490,H08,R039,G052,2026-09-23,2026-09-27,COMPLETED,12575.67
B0491,H01,R004,G033,2026-06-15,2026-06-21,COMPLETED,17490.42
B0492,H07,R034,G049,2026-08-18,2026-08-25,COMPLETED,31713.65
B0493,H06,R029,G009,2026-05-01,2026-05-06,CONFIRMED,27185.13
B0494,H05,R023,G017,2026-04-16,2026-04-18,COMPLETED,11910.39
B0495,H01,R003,G025,2026-05-10,2026-05-16,COMPLETED,25822.84
B0496,H02,R008,G060,2026-09-24,2026-09-25,CANCELLED,3072.81
B0497,H08,R042,G018,2026-09-07,2026-09-13,COMPLETED,28450.24
B0498,H08,R038,G005,2026-08-21,2026-08-26,CANCELLED,12144.77
B0499,H05,R022,,2026-07-01,2026-07-06,COMPLETED,42993.88
B0500,H04,R017,G020,2026-04-18,2026-04-19,CONFIRMED,4003.87
B0501,H99,R043,G048,2026-09-02,2026-09-04,CONFIRMED,9000.0
B0502,H99,R043,G044,2026-08-15,2026-08-17,CONFIRMED,9000.0
B0503,H99,R043,G031,2026-07-14,2026-07-16,CONFIRMED,9000.0
B0504,H99,R043,G018,2026-07-03,2026-07-05,CONFIRMED,9000.0
B0505,H99,R043,G003,2026-08-05,2026-08-07,CONFIRMED,9000.0
