guestId,guestName,country
G001,Vivaan Rao,UK
G002,Myra Das,India
G003,Aarav Reddy,UAE
G004,Rohan Nair,India
G005,Saanvi Rao,India
G006,Karan Das,Singapore
G007,Sara Sharma,Singapore
G008,Ananya Sharma,Singapore
G009,Arjun Gupta,India
G010,Neha Nair,India
G011,Rohan Verma,Singapore
G012,Vihaan Iyer,India
G013,Sara Sharma,India
G014,Kabir Rao,UK
G015,Sara Sharma,India
G016,Priya Iyer,India
G017,Neha Khan,USA
G018,Sara Gupta,India
G019,Arjun Iyer,Singapore
G020,Aarav Das,UK
G021,Kabir Sharma,India
G022,Vihaan Nair,Singapore
G023,Neha Gupta,UK
G024,Rohan Iyer,India
G025,Kabir Verma,UAE
G026,Diya Iyer,India
G027,Karan Iyer,India
G028,Diya Gupta,India
G029,Ananya Rao,India
G030,Rohan Khan,India
G031,Saanvi Iyer,India
G032,Rohan Nair,UK
G033,Vivaan Mehta,UK
G034,Vivaan Sharma,UAE
G035,Karan Verma,UAE
G036,Saanvi Nair,India
G037,Vihaan Sharma,India
G038,Rohan Iyer,India
G039,Ananya Rao,Singapore
G040,Sara Mehta,India
G041,Vivaan Rao,USA
G042,Vihaan Rao,India
G043,Ananya Mehta,USA
G044,Ishaan Verma,USA
G045,Vihaan Nair,India
G046,Aditi Reddy,UK
G047,Neha Verma,Singapore
G048,Aditi Verma,UK
G049,Karan Rao,USA
G050,Aarav Khan,UAE
G051,Rohan Das,India
G052,Myra Sharma,India
G053,Neha Sharma,India
G054,Arjun Mehta,Singapore
G055,Rohan Das,UAE
G056,Myra Das,UAE
G057,Vihaan Khan,India
G058,Aditi Sharma,UAE
G059,Saanvi Khan,India
G060,Ishaan Khan,UK
