roomId,hotelId,roomType,basePrice
R001,H01,Executive,5770
R002,H01,Deluxe,4712
R003,H01,Deluxe,4138
R004,H01,Standard,2647
R005,H01,Executive,6330
R006,H01,Executive,5734
R007,H02,Executive,6410
R008,H02,Standard,2864
R009,H02,Suite,7523
R010,H02,Deluxe,4658
R011,H02,Standard,2327
R012,H03,Executive,5864
R013,H03,Suite,7910
R014,H03,Executive,5854
R015,H03,Deluxe,4581
R016,H04,Executive,6586
R017,H04,Deluxe,3976
R018,H04,Deluxe,4113
R019,H04,Standard,2325
R020,H05,Executive,6272
R021,H05,Executive,5905
R022,H05,Suite,7649
R023,H05,Executive,5998
R024,H05,Suite,7962
R025,H05,Executive,6025
R026,H06,Executive,5972
R027,H06,Standard,3054
R028,H06,Standard,2362
R029,H06,Executive,5702
R030,H06,Executive,5771
R031,H07,Deluxe,4485
R032,H07,Suite,8069
R033,H07,Standard,2385
R034,H07,Deluxe,4541
R035,H07,Suite,8353
R036,H07,Suite,7854
R037,H08,Suite,7751
R038,H08,Standard,2372
R039,H08,Standard,3033
R040,H08,Deluxe,4695
R041,H08,Executive,6083
R042,H08,Deluxe,4599
R043,H99,Deluxe,4500
